{"cameraMode":{"drawMode":0,"name":"Shaded","section":"Shading Mode"},"sceneLighting":true,"audioPlay":false,"sceneViewState":{"m_AlwaysRefresh":false,"showFog":true,"showSkybox":true,"showFlares":true,"showImageEffects":true,"showParticleSystems":true,"showVisualEffectGraphs":true,"m_FxEnabled":true},"in2DMode":false,"pivot":{"x":1.379633903503418,"y":3.4783499240875246,"z":-1.9116616249084473},"rotation":{"x":0.5478392243385315,"y":0.03342611342668533,"z":-0.021820759400725366,"w":0.8357955813407898},"size":24.257598876953126,"orthographic":false}