{"cameraMode":{"drawMode":0,"name":"Shaded","section":"Shading Mode"},"sceneLighting":true,"audioPlay":false,"sceneViewState":{"m_AlwaysRefresh":false,"showFog":true,"showSkybox":true,"showFlares":true,"showImageEffects":true,"showParticleSystems":true,"showVisualEffectGraphs":true,"m_FxEnabled":true},"in2DMode":false,"pivot":{"x":-12.920000076293946,"y":6.559999942779541,"z":-2.0349183082580568},"rotation":{"x":0.03829983249306679,"y":-0.9551400542259216,"z":0.25694793462753298,"w":0.14200711250305177},"size":4.139119625091553,"orthographic":false}