{"cameraMode":{"drawMode":0,"name":"Shaded","section":"Shading Mode"},"sceneLighting":true,"audioPlay":false,"sceneViewState":{"m_AlwaysRefresh":false,"showFog":true,"showSkybox":true,"showFlares":true,"showImageEffects":true,"showParticleSystems":true,"showVisualEffectGraphs":true,"m_FxEnabled":true},"in2DMode":false,"pivot":{"x":-1.8757057189941407,"y":7.431656360626221,"z":-4.725775241851807},"rotation":{"x":0.007105250842869282,"y":0.9806115627288818,"z":-0.19246798753738404,"w":0.036201927810907367},"size":11.411661148071289,"orthographic":false}